11111W1C,14
11111XTZ,15
1111MVO3,14
1111XXCW,14
1111CDNU,14
1111C625,14
11128WSO,14
111362I6,14
1113GTJX,14
11143CB7,15
11143YVU,14
1114OUAM,14
1114ZMBA,14
1116IPUS,15
1117G2ZR,14
1117G3LB,15
111754CL,14
11175UKL,16
1117QYBD,14
11182LBY,14
1118DNBS,15
1114DPWA,14
1119AG9H,14
1119ATBE,14
1118ODQR,14
111A7N2J,15
111B4S7D,15
111C1M87,16
111CNAKN,14
111CXWIC,14
1116J32Z,14
111FERXT,14
111FPJUW,14
111ES12G,14
111FE8M8,15
111H8NLJ,15
111H861Q,14
111HTRGS,14
111GM6QS,14
111I62O7,15
111GWTE5,14
111H91DB,14
111HJAVQ,14
111JD53R,14
111JDGC6,14
111JDCHL,14
111I5OUP,14
111KLPH5,15
111J339A,14
1119VD28,14
1119VETZ,14
111JOCSP,14
111LHXE7,16
111M4TQV,14
111NY2HZ,15
111OVHUE,14
111OUZVX,14
111BPX9F,14
111N2B3Z,14
111R11QT,14
1111YK46,14
111PHHN8,14
111PH83N,14
111PHHMH,15
111PS55F,15
111PSK7B,14
111PSHMA,14
111D917T,14
111QET52,14
111T5I5W,15
111T5RES,14
111TG4ID,15
111TGYG9,16
111RBWNP,14
111DV2TS,15
111TRK9J,14
111RWM8G,14
111S94XS,15
111UOLUM,14
111T5R57,15
111VWCEI,14
111FE72X,15
111X4SBP,14
111XFXHZ,14
111XQB1T,14
111YCMMR,14
111YY8ZM,14
111WIH4W,14
111WT77N,14
11216IX6,15
11217FA6,14
1121HC6N,15
1122EPPQ,14
111ZV92L,14
1123WSNL,16
111I64H4,14
1112KWI1,14
111I66VF,14
1124U616,14
111IRIGD,14
1122PHW4,14
1123CD4A,14
1126OUZ1,14
1123XJJI,14
1123X3B3,14
111JOMKG,15
11248QH6,14
112889NP,14
1124UF15,14
111JYNR6,14
11294VDP,14
1127ASVP,14
1127LBGA,14
111LI1VF,14
112CHZ4B,15
1112VANQ,14
111M523X,14
111MQJZ5,14
112ACW2V,14
112EMJPJ,14
112F9FNO,14
112G5U92,14
112G6MP4,14
112C7IBC,14
112GGM9F,14
111NMZQ4,14
112HEITA,14
112HOKAI,14
112HOPB5,14
111NXP7Q,14
112DPW4R,14
112E15B6,14
112IAOPH,15
112IW9DE,14
112J8BHH,14
112EXXVW,15
112KR22A,14
111PS1MR,14
112L22OQ,14
112H2W43,14
112LNY8U,14
111PRQJ7,14
112MAGAP,14
111QEL61,14
111QEI2O,14
112N7FHJ,17
112NHY8V,14
112NSCG3,14
111RC2XB,14
112OPIF3,15
112P1OBU,14
112PCGAB,14
1113I5HP,15
112PXGFI,14
112QUEDG,14
111S8ECO,16
112RSCUK,14
112RRIGS,14
112N7OCG,14
112S3G31,14
111SUAW7,15
112SPFRH,14
112NT8ZO,14
112SZW1E,14
112TBNXW,14
112OFHCC,14
112OFNKH,14
112TM76O,14
112OPP28,14
112P1U46,14
112UJ6C3,14
112PMSYJ,15
112UU24S,16
112V5GHT,14
111UO3J6,14
111UO61N,14
112QULX3,16
112R6GKE,14
112WD73A,14
112R6RAH,14
112RRI2Q,15
112SDX6T,14
112TBHYR,14
112TAZDU,14
111XFF7R,14
112TWKM8,15
111X4UNR,14
11112QYK,14
11112ZJ4,14
111XFD8U,14
111XFYIS,15
112UJ4LO,14
112UU5JL,14
111Y1PF6,14
1113TADK,14
111Z9YLM,14
1115CQNQ,14
1112ATYS,14
11216N3A,14
1116KKDH,14
1121HF4D,15
1113IT2R,14
1113TF23,14
1121H84G,14
1121SSAU,14
1115D4HT,14
1115D2BI,14
1115NJ76,14
1115YC85,15
1122PTZ9,14
1119X2FN,14
1111YPTU,14
1122ZTEV,14
1111YBMT,14
1116VJNN,16
1111YI75,14
1122PX3W,16
111773TJ,14
111BGRFU,14
1118F1VJ,14
1118PS18,14
1123X1P6,14
1119MWSI,14
1123WVKF,14
1119XISQ,14
111A9AID,14
111ET9J3,14
111B67XS,15
111BH4ZX,14
1125GMWZ,14
111GNEGC,15
1126DTI9,16
111HKMFT,14
1125RORV,15
111DWIAD,15
111E8EWT,14
111J3YW7,15
111KMLU3,14
1127ATQH,14
111GNXJY,14
111699CV,14
111LJVFS,14
111HA4ZX,14
11287NV7,14
111HL1VK,14
111HVQ5V,14
1128ICQU,15
111MRH2H,14
111MRKE8,16
111NON8B,14
111NONLC,14
111JFB6O,14
111OAWY9,14
111K1OMQ,14
111P82LL,15
111P834G,16
111L991R,15
111LUNKK,15
112A28CD,14
112ACOL7,14
111SKZ5E,14
111NOVUN,14
111NZL6S,14
111OBEDU,14
111OBFOH,14
111OM1U6,14
111TSL1X,15
112BVKBI,14
111OWLOU,15
112BA8QO,14
111OWP9Q,14
111PJ7KO,14
111PJBGY,14
111V1IEN,14
111VC1FF,14
111Q5N7Q,15
112CHSNO,14
111QG5VK,14
111QG6BU,15
111QG8VL,14
111R2PH4,14
112CI2EU,14
111WUJIB,14
111RYUON,14
111SAIQ8,14
111XRS3T,14
112D4QFR,14
111Y3B5Q,14
111YOWT3,14
111ZB9NX,15
111ZWNV2,14
1121TPZX,15
112EC4CM,14
111VXRIB,14
11232GQO,14
11232J83,14
111WUSQF,14
111WUYI8,14
112F98ZY,15
1123YMPV,14
112G6F4U,14
111XH8JI,14
111XHDWG,14
1124A8HE,14
111XHG42,14
1124AH6Z,15
112FJXJ4,14
111YEDV5,14
111YEK7N,14
111YPANX,14
111YZUJQ,14
11264K8S,14
111ZX1Y8,16
11225LQO,14
112ILV2F,14
1129H2BO,14
1129RUB9,14
112AE74N,16
112AEDNH,14
1126FICO,15
1126QBSO,14
112DR6P4,14
112JU3X8,14
112KQEAP,14
11289LMG,14
112K5UCN,14
112L2D6Q,15
112G7O8X,14
1129HON8,14
1129SDOG,14
112A3UIV,14
112LYPI1,15
112AEMK8,14
112APCPA,15
112AZYLV,14
112AZZFQ,15
112I1PTP,14
112I1SXP,14
112BBT3I,14
112BX2TN,14
112IY135,14
112CJOT3,15
112JKEE8,14
1117RR8V,14
112LEGP9,14
112LZTXO,15
112FAZXG,14
112N8PNP,14
112G7ZL2,14
112GIP2R,14
112OF4ZC,14
112OPGCQ,14
112P1TM8,14
112I29T8,14
112POCOV,14
112ICQER,14
112PYVAZ,14
112INN9M,14
112PC4P3,14
112PC43Q,14
112JKP5F,14
112JVASQ,14
112QUEQT,14
112K775T,14
112K74FX,14
112R6TDG,14
112SQEWF,15
112QKBIM,14
112QJRP2,15
112TCOBR,14
112QUM61,17
112RS2MY,14
112QUJPI,14
112RRVDA,14
112U9SPH,14
112S3K8G,14
112UVBNX,14
112N8WPV,14
112VHGJ1,15
112RRQW3,14
112W3VXR,15
112O65UZ,15
112T12F5,14
112TLN82,14
112PZEX1,14
112QAV5X,16
112TWR4J,17
112QB7P9,14
112R83ZC,14
112VRDM9,14
1112B665,14
112W315X,14
112W316C,15
112SQJUC,14
1112WUPC,14
11138AWU,14
11138IZ3,14
11138J8N,14
1113J8TK,15
112TNOSF,14
1113TTSH,15
112UA214,16
1114GAE8,14
1115D9ZE,14
112V79NB,14
112V78ZE,14
1115NWW5,14
112VSJKZ,14
112W4D3K,14
1116L1UE,14
111BR4D4,15
111BQVV3,14
11113UB2,14
1111EV39,16
1111PHGO,14
1111PEJS,14
1112XGJE,14
111393H3,14
111AUT2H,14
111CZQ5B,14
1115Z8V5,14
1113JJXA,14
1113JM6S,14
1116B4MO,14
1116WKQS,14
11145ZYG,14
111F5O8X,14
111FQY9S,14
1114GMP8,16
1118FUXL,14
1118FXQG,14
1114RDAS,14
1114RD2F,14
1114R97X,14
111GO7WZ,14
11192CU3,14
111GYWFO,14
11153229,14
111HAMC7,15
1115DIHB,14
111BI4JQ,15
111BSQZI,14
111BSJ8Y,14
111CF7LJ,14
1116LC4M,14
111CPWB6,15
111D1M17,14
111DC19P,14
111LV2LG,14
111DXGWT,14
111E9BPB,15
1117INM1,14
111EK5BC,14
111MSCR1,14
111N3ZK7,14
111N3ZMC,14
111F6HBX,14
111NEKTT,14
111OBNE6,14
111G3DMW,14
1118FPFZ,14
111P8W66,14
1118QDP9,14
111PJHF2,15
111HBF18,14
111PUBDZ,14
11191YRM,14
111HWLFG,14
111QR99B,14
111IJ7XU,14
111ITOI8,15
1119NJGD,14
111SLCPT,14
111K2NDC,15
111SW8HB,14
111KNZVU,14
111KO4WG,14
111U4WPF,14
111U55RP,15
111UQDU8,14
111BHNCQ,14
111MI4NS,14
111MI7G5,14
111BHSU4,14
111VNJOZ,14
111WKJHU,16
111WKOHT,14
111OCDF6,14
111XHN78,14
111ON4EA,14
111ON71Y,15
111XSC1O,14
111CPCIQ,15
111YETXX,14
111Z16S6,14
111DBXNY,15
111QH8SS,15
111SBJEY,14
111SBC7E,14
111SBL5H,15
1123DUPN,14
1123OMXL,14
1123OMKE,14
111TTSMX,14
1124AYSY,14
111F64DO,14
111UGA1A,14
11258431,14
111UQXGU,14
1125IOZD,14
1125IWDI,14
111V2U7O,14
111V2W1M,14
111G3A3J,14
111VYW7G,14
111VYZE6,14
111GDOKA,14
1127NP9Q,14
1127YA1K,14
111X7RUZ,14
111X7TEN,14
111XIEQJ,14
1128VFM2,14
111HAX2J,14
11297BNQ,14
1129SFL6,14
112A461N,14
111ZCOLI,15
1121K9KY,14
112CUNQQ,14
112E3IOZ,14
111JFVBE,14
112EE249,14
111K244H,14
112FM1FU,16
1125U3KJ,14
1126GMFE,14
111KNQ62,14
112HG7VB,14
112HQRPJ,14
1127DKP5,14
1127OHXW,14
1128ANQW,14
1128AP8F,14
111LKSKE,15
111LVH3W,15
111LVLKO,14
111LVGXX,14
112A4Z7H,14
111MSORL,14
112AFLFK,14
112LF8XQ,15
112AQ8SD,14
112LPWL6,14
112B1WG8,14
112MXIJZ,14
111NETOG,14
111NPH5D,14
111NEYTQ,15
112CKIHB,16
112NK3W4,14
112NUOZP,15
111OC2SR,14
112DHREV,15
112E44BY,14
112E3Y8C,14
111OML4E,15
112G8WBD,15
112RTROI,15
112GJSHV,14
111E7MTY,14
112H61MI,15
112SGCKK,14
112H5YFZ,14
112H65TC,14
112HGP5H,14
112I2ZOU,14
112TO679,14
112IOOZ5,16
112UAJGU,14
112IZ683,14
111EICN1,14
112JATVY,14
112UVX9E,14
112JLNCK,14
112K85RE,14
112KTJPB,15
112KTIYU,14
112KTECY,15
111ROT1V,14
111SBASD,14
112LQKMX,14
112M24Q1,14
112MCV2D,14
1111Q1TA,14
111SWMUR,15
112MYCDE,14
112NVEFM,14
111TTP71,15
112O6ZZV,15
1113UXO7,14
112OSGZC,16
112OSNGW,14
112P443N,14
1115E6VO,14
1116M345,15
11185KZ5,14
112SGRQ7,16
1118G7NH,14
111VNWE8,14
111VNTGI,14
112SRLAV,14
112T38PP,15
1119YXL7,14
111WL2PN,14
111AVXIX,15
111AVZYR,14
112UWGEL,14
111B7IX4,14
111X7DSW,14
111CFF4Q,15
111D1QYE,14
111DCE97,14
111DXWP1,14
1112CQC7,14
111YPRWR,14
1112NFEJ,14
111ZXJJC,15
11146ZZ6,15
111GZZT5,14
111ZXNUX,14
1121K5LU,14
1115ZVT8,14
111IJD1V,14
1116BR4J,14
1116BR4W,16
1116MKXY,14
1116X7A6,14
1122HAE6,14
111K2WHX,14
111K2Y35,14
11226IW6,14
1117JPQQ,15
111GCNUY,15
11185X8R,14
1118GQ1F,15
1118GLPY,14
111LLEX8,14
1118RD3J,14
111NFJ4P,15
1123OS5T,14
111AW5EJ,14
111OCRPF,15
111B8231,14
111ONF52,14
111OXYLU,14
111OY8MI,14
111P9S5J,14
111P9U5S,14
111C52D1,14
1124M47R,14
111CFU4Y,15
111PV323,14
1124WN9E,14
111REN7N,14
111DY7SP,14
111RPCUM,14
111E9UCE,14
111S19JV,14
111SBW6Q,14
111U5TSG,16
111U62R7,14
1126QWQE,14
111URDB3,15
111H151A,14
111VDNIW,14
111VZ5E7,15
111IJTNH,14
111IUCQB,14
111X7URW,15
111JGR94,16
111JRNEM,14
111XTFVQ,14
111XTEJZ,14
1128VUNW,14
111K35JW,14
1128L1BT,14
111YQI25,14
111Z29XN,14
111ZCWH6,15
111ZNL3A,14
111LLVAX,14
111LLVZ3,14
112A4N7W,14
111GN4LO,14
112347EI,14
111O29UY,15
11241A8L,14
111ONRV7,14
111GMXJS,14
112BCH9A,14
112BCJ3R,14
1124X97N,14
111PVI5N,14
111R4HCO,14
111REYAK,14
111RPS4N,14
1127ONF8,14
1127OT8Q,14
111S1CSI,14
1128AX3Q,14
112D6MKD,14
112DHCNG,14
111TURJD,14
111TUO62,15
111TUJNC,15
111TUI37,14
112D6LMX,14
112DRW5N,14
1129TNOY,14
112AFYL1,14
112DH6AM,14
111URUNF,15
111V3GL4,14
111V3FZW,14
112BD1SB,14
111VOYTB,14
112BYG9S,14
11151DOW,15
111WB4IB,14
111WB8L5,14
112CKQZM,17
112CKXWY,14
112CVIO2,14
112FBCXV,14
112DHXZL,15
111XTTTP,14
112EPR2D,14
112FC2DN,14
112FC6RN,14
112G9533,14
111ZYM2Z,14
112GTYZC,14
112GK1OQ,14
1121L5IV,16
112H5T3O,14
112HGFZJ,14
112I3GSW,14
11234J4K,14
1123F9AP,14
11241MW5,14
112JWK9G,14
1124C8JB,14
112KTWQ3,15
1126RUSG,14
112IYYHF,14
11273LA5,15
112NAB3U,14
112NL85X,15
1128BDLX,14
111HUZHU,15
112P4LLQ,14
112PF4IP,14
112K7UJB,15
112A5K9X,14
112LFCQM,14
112LQCQ1,14
112R9DO8,14
112L4S6U,15
112RUZGL,14
112BYWMX,14
1115CB2P,14
112CVUD9,14
112CVYN6,14
112TEC3I,14
112D7QQF,14
112D7J5S,14
112UBDW5,14
112EPY3A,16
112GKC59,15
1115C76X,14
112GV4T5,14
112O6Q6Q,14
111IS1S4,14
1115BXUS,14
112P3UMG,14
112HS7RT,14
112PZVS3,14
112Q154Q,15
1111FUBX,14
1111FV27,14
112IED87,14
111227P4,14
1112NM5Z,15
112JM7ZH,14
112QBOH1,15
111IS98M,14
1114HUSV,14
112L5QYS,16
112QMHX5,14
112QX5LN,14
111547ZT,14
111619ZK,14
112MO8OS,14
1116MMRA,14
1116XL7C,14
1117K143,14
1117JS68,14
112O7NX3,14
112OILDX,14
112OT5MC,15
1118RK6G,14
112P4VOQ,14
1119OVHI,14
1119OVI9,14
1119OX88,15
112QCNMN,14
111ALTP2,14
112QY43Z,14
111B87E1,16
112UWAD4,14
111C5GDV,14
112S6VRO,14
112S6YBY,14
112T3U2W,14
111DYFWA,14
111DYJSS,15
112W4ZEU,14
112UMHFQ,14
111F79U9,14
111FI6UV,14
112VT6TN,14
112VJQ1D,14
111G4GBV,14
111G4JC8,14
112WGQNS,15
111HCG67,14
11122GR8,14
111HXQOY,14
111693ML,14
111L8R8D,16
111L8GGJ,15
111MGLIY,14
111LU7W8,15
11176FXU,14
111KEDI6,14
11115VT3,14
111KOUZO,14
1111GADX,14
111LWONJ,14
1111QRL4,15
1112O8WV,14
111MJ6GP,15
111N5IIS,15
1113L82Z,14
11147VSQ,14
11147RC5,14
11147R2S,15
111O2JSF,14
1115FMU9,14
111PAFH9,15
111PAG1N,14
111PL995,15
11161UNM,15
111QIFII,14
1116NFGC,14
1116Y4PY,14
111R4ODW,15
1117K8RQ,14
11186SXQ,15
1118HETV,14
1118HPFF,14
111T9MBV,14
1119EKUM,14
111TK8P4,14
111TKCFO,14
111R225S,14
111AMGWH,14
111AMKPA,14
111AXCSY,15
111VP19G,14
111RY1IA,14
111EVUK1,14
1117GURY,14
111BUBTM,14
111C5RV9,15
111C67J7,15
111C62T4,14
111CGUKK,14
111NO1HE,14
111D36EU,14
1117RJE3,15
111DDOFN,15
111SUT4C,14
1116YA3T,14
111DOLC8,14
111DZB4L,14
111DZ2AO,14
111F815J,14
111FT81V,16
1118HDEO,14
1118H98U,14
111GFUQF,14
11227N2H,14
111GFW8L,14
1122IIY6,15
11234QAV,15
111HNLWJ,14
1119EEYW,15
1124CJS2,14
1124XX3P,14
11259PKV,14
1119ZPRL,14
111JHVV2,14
111KESUM,14
111L186I,16
1127ELZR,15
111LBYDL,14
111B8QIP,14
111LX7KT,14
111O39AN,14
111OOP31,15
111OORGU,15
111CR4T7,15
111OZEMH,14
112CAQLA,14
112CLFX6,14
112CLM62,14
112DIRPT,14
111RG4QK,14
111RG2HR,14
111DYW8T,14
111S26CX,14
111SYI4B,15
111EVY8M,15
112GA2AA,15
111WX5M5,14
111TKW6Y,14
111TVDGC,14
111F7KIP,14
112GVFEY,14
111V4JK9,14
111WMZ1A,15
111GFEGB,14
112JXDM2,14
1123XWDM,14
112K971C,14
111XUQCZ,15
112L63VP,14
111Y6L9V,14
111HNAMN,15
111HNFVX,14
111ZEAUS,14
111ZOKR8,14
1121BBI6,15
112NWJY5,14
112NWCEE,14
112NWIYF,14
111IKDH6,15
1121M3V4,14
1121WGP4,15
1121WS44,14
112288ZD,15
112PQN7Y,14
112PQSBM,14
112QD3TP,14
11242IMZ,14
1127PJ9W,14
112S793Z,14
1125L6QZ,14
111KF1MG,14
112TPND2,15
1127FH92,15
112UXHC9,15
112UXICE,15
112BDWWN,14
112UXMU4,15
112VUJP8,14
111M8RCL,14
1128UH54,15
11299FX1,15
11299LL1,14
111M93OV,14
1129UZLB,14
112AHAR8,15
112ARV9V,14
111PIGS5,14
112B3MDN,15
112CBN5X,14
112CM3XT,14
1112OTQY,14
1113LVY6,14
112E5GFK,14
11148CNL,16
1114IUDT,14
112ER841,14
1114TK1N,14
111555NX,14
112FO7DX,14
1116D7G2,16
